"Path","Bytes","SHA256"
"Campus.png","489593","8FF1F1C04FD749C7C0E9CC4327E7AB9D2A9B0AF3A800D86BC8530AA75D1D61BD"
"각 층 파일/1F/1F_topology_.png","222406","FC7D3D875B84329730413346323FE0EF6549F15A6046165A645E77C75DC8FA58"
"각 층 파일/1F/Admin Office A_1F.pkt","220721","4BA17AAB29471C04DEE714FFED501151666C3CEB0DA9E990659DC2FF96457F3C"
"각 층 파일/1F/Admin Office A_1F.png","100323","08B940F6038939E73B1C55ADBCECD2D1551953570EB557BADA1A6DF19A3D25E9"
"각 층 파일/1F/Admin Office B_1F.pkt","222015","5EAA10C9CB9C1D73D9E00D0F9F32090672A19122806FDA005A15675F711CF71D"
"각 층 파일/1F/Admin Office B_1F.png","104464","419EAA5AE42E23E0699228F8BDA3559E52C2C4FEF91CCC9E1C6D05FD8CB0B43F"
"각 층 파일/1F/CampusNet_1F_20232430.pkt","405779","5C2E0C0512F6DA76D926DA56ADA006981408F7B359CC84B037EF50ACCA6B22EE"
"각 층 파일/1F/CampusNet_1F_20232430.png","269744","389F33AF4532BA28AD6F94C4C80A0046D781472C8126522C03D1D3DA5D2357D3"
"각 층 파일/1F/Guest Room_1F.png","88940","4D8CCBF3685183F4FD92ED40CC11AFC1878561754D461BBB9344967856583401"
"각 층 파일/1F/Guest Room_F1.pkt","228064","73F91B38CA489AA63F0FED52E0B17E9E994FE7A83ECE2ECBFCFB83357334F1CD"
"각 층 파일/1F/Lobby Ext room_1F.png","161140","9634852066A91665BF0228B8428CA345E04E004ABE86C5D927177450C7FA93C3"
"각 층 파일/1F/Lobby Ext_F1.pkt","359915","E9D3FC92AB5F66A915107B44516E71BC76DED3A459BDF3AE2A8ADC83CE2E73FB"
"각 층 파일/1F/Manager Office_F1.pkt","221461","E081086CC974EA232B67F2496DADF66C79941583858FF0B319CF1A794FFA4A82"
"각 층 파일/1F/Manager Office1_1F.png","77119","AAB5CF7301435FFA17567930CDBE4823E422A059F7D8BDE06C0E3423262D4554"
"각 층 파일/1F/Manager Office2_1F.png","134328","0F89722642584FE52E9B448263D72E24C2AF1EA3297D8E0CBE3985CBB4A22BE7"
"각 층 파일/1F/Manager Office2_F1.pkt","222127","53D0609D276E6C62569B374B41AD4D9CA8865BBFAA551EA01465679BAF819682"
"각 층 파일/1F/Server Room_1F.png","119961","F95285B48EEA1F82D8E3F31A4F918B0B41EBD9034CB9AA76736D93FD3A93350B"
"각 층 파일/1F/ServerRoom_F1.pkt","337568","3423D63E2F03AAB3DC357E9F38838B83C0415C2E7D95BEB8C5A9CBA735B1C1FE"
"각 층 파일/1F/VoIP Phone Room_1F.png","122908","E8E34223C3B051FD6FB838CAD5B172747E5AE3CE77BCB5328A578BE61DD4552A"
"각 층 파일/1F/VoIP Phone Room_F1.pkt","217312","760F59C80C5CB8F5FD79F40D43D0AE449286165C6AD4591AD1B3B1060C2D76BB"
"각 층 파일/2F/2F_Topology_.png","138253","D2E42D2B366D643C1FB6CE51C002ED32FFEBF890E0F0B468BBB52A80B2AE6070"
"각 층 파일/2F/2F_Topology.png","205564","3EDE7254D26F994A1448B4EF95E627F73A1A3EDD7010D802208F614156418586"
"각 층 파일/2F/CampusNet_2F_20232430.pkt","256249","5C3D2AA23204A328DBC0C27749E2250262CAEE85CDE9E2AE1E8DD4C8E7443B81"
"각 층 파일/2F/Computer Lab A_2F.png","94091","551B5AD87A899ABB1E8CF61A9A7E127F1FF85FBE0192794735E20F38F8A079C3"
"각 층 파일/2F/Computer Lab B_F2.png","128378","DD51675874E7B265E9039298C971354E70DB01D5A4B418B7869456CAAC24DF62"
"각 층 파일/2F/ComputerLabA_F2.pkt","221758","5E8EF0B14AE32ECF2A830D06ADAB1242B296B9B3FCCB714AEE1C8E846BE82E71"
"각 층 파일/2F/ComputerLabB_F2.pkt","225476","9BCE7A79CCA17687056E1C04735D115FFE949F45E088DFB4275D6713E19F0BA4"
"각 층 파일/2F/IT Lab_2F.pkt","225890","0CAF5BA1DA19AF15AC668F1C1562559DD989D3C5F7B521C4E4023C8963440D26"
"각 층 파일/2F/IT Lab_2F.png","118676","170D43412E3F7EC772C392A5447D1CD7004480AC6DD1348D522C64F41A1ABA6A"
"각 층 파일/2F/Study RoomA_2Fpng.png","120338","86965D0FB6C6BEA8820C270ED54F9E6D4BDCC6BFC23271E33A05C98386D3DD69"
"각 층 파일/2F/StudyRoomA_F2.pkt","224441","9FFC222D005C8E13CF77E45904E79FCB0AECDCFDDD56644C8920124E7BC96FD9"
"각 층 파일/2F/VoIP Phone Room_2F.png","99445","E9EB139BA0376105BE4E031473AAE61BF6E6AFD4E790F631B723C53D239B6EAA"
"각 층 파일/2F/VoIPPhoneRoom_2F.pkt","216675","087F9601BADDAB809770B338117FED24D068A733CDB34164956037DA095CECE3"
"각 층 파일/3F/3F_Topology_.png","155374","E7BC4B74A3BD56D1C07AC68643F48D9446B13C0366A6340C7ADCD2ABCB94DDFF"
"각 층 파일/3F/3F_Topology.png","138474","C37E032D0367C3A912909ACF15CE24025AFBF885C7D4C6B1A566063EAEB55472"
"각 층 파일/3F/CampusNet_3F_20232430.pkt","262147","01D09D6CAC975B9365673A17BADACD9353A17F6D9C34A68789B622961A5AF373"
"각 층 파일/3F/Printing_3F.png","102923","A689997BBB7E7F87F2C803F44748514CADD41778BBFE6233ACDD9D295982B111"
"각 층 파일/3F/Printing_Room_3F.pkt","223269","9216A44C2A8B4FB04D4489AF4CD3F7280507D8148BE37E4E26978098FACA9C46"
"각 층 파일/3F/Research Room A_3F.pkt","224292","E7565EE027B4556DEEB80472F117C9BE4C1C557D91A3E214840C47341E722149"
"각 층 파일/3F/Research Room A_3F.png","103928","954C508E99A8062F75CE0A943EC5E697A71209E49F5AE7F8151F0573814E2D85"
"각 층 파일/3F/Research Room B_3F.pkt","227685","8A55FB5A5128FC66CD261C35216AF99449B070CEBFDF57C1678F0EDB8A86CD8B"
"각 층 파일/3F/Research Room B_3F.png","109614","51C8735C6373DD5A62C1CE891C7D0F734BD615DF5FA1D05738035CC2ED86E818"
"각 층 파일/3F/Research Room C_3F.pkt","225614","CCD3EE329A65E05E75ED2B84DB9329ACA37D9766E204CB147725380D3CAB9B3D"
"각 층 파일/3F/Research Room C_3F.png","128015","F2A12723230E08441A4BAC6B23A5F2342117E031F91A4DEEEE1E387AA1B75D5B"
"각 층 파일/3F/Study Room B_3F.pkt","223516","7432E0A0594F20BC20E557079817BF7A6185FF4BEFD25419FB1A13315E8B715C"
"각 층 파일/3F/Study RoomB_3F.png","123937","6D5D71509D45FE3763C80FF92464E04D8074263CD5A2D9EA7714B6F01A664500"
"각 층 파일/Branch Campus.png","82892","C5FD4E0DC33052AE78B4134CB95E600A2AC7465CBA244DD135E57DD74DA00375"
"각 층 파일/Branch_Campus_Internet_IPv4_IPv6.pkt","241628","E6442B83AD39D0A7174CA87EA96D35CDA027C77ADCCF19E6CAD22EE6AB6E2FC8"
"포엠사바르트 소반나봉_20232430 리포트.hwp","5566464","D32ED9F97DC582981EAC6B90D3FAE4B4D453DCA6CC0EACF82BF6A9D4F7A706A2"
"포엠사바르트 소반나봉_20232430 리포트.pdf","3828512","F86C0A26BD332553FF132A433D594309A1C0E159CD4DBE983DEAA67D60CDF8E6"
"포엠사바르트 소반나봉_20232430_NUOL.pkt","569215","7ADA8AEF76013D3BEBD662DF7CBE00635B0836D77505610236BA1DAB1C9F251A"
"포엠사바르트 소반나봉_20232430_PPT.ppt","2895872","73C842B7F6075A5E862A18A29901C4E7167A6E84DA486215CE37F9FDEF5342B1"
